-- MySQL dump 10.13  Distrib 8.0.32, for Win64 (x86_64)
--
-- Host: localhost    Database: tienda
-- ------------------------------------------------------
-- Server version	8.0.17

/*!40101 SET @OLD_CHARACTER_SET_CLIENT=@@CHARACTER_SET_CLIENT */;
/*!40101 SET @OLD_CHARACTER_SET_RESULTS=@@CHARACTER_SET_RESULTS */;
/*!40101 SET @OLD_COLLATION_CONNECTION=@@COLLATION_CONNECTION */;
/*!50503 SET NAMES utf8 */;
/*!40103 SET @OLD_TIME_ZONE=@@TIME_ZONE */;
/*!40103 SET TIME_ZONE='+00:00' */;
/*!40014 SET @OLD_UNIQUE_CHECKS=@@UNIQUE_CHECKS, UNIQUE_CHECKS=0 */;
/*!40014 SET @OLD_FOREIGN_KEY_CHECKS=@@FOREIGN_KEY_CHECKS, FOREIGN_KEY_CHECKS=0 */;
/*!40101 SET @OLD_SQL_MODE=@@SQL_MODE, SQL_MODE='NO_AUTO_VALUE_ON_ZERO' */;
/*!40111 SET @OLD_SQL_NOTES=@@SQL_NOTES, SQL_NOTES=0 */;

--
-- Table structure for table `clientes`
--

DROP TABLE IF EXISTS `clientes`;
/*!40101 SET @saved_cs_client     = @@character_set_client */;
/*!50503 SET character_set_client = utf8mb4 */;
CREATE TABLE `clientes` (
  `id` int(11) NOT NULL AUTO_INCREMENT,
  `nombre` char(60) NOT NULL,
  `apellidos` char(60) NOT NULL,
  `direccion` char(60) NOT NULL,
  PRIMARY KEY (`id`)
) ENGINE=InnoDB AUTO_INCREMENT=6 DEFAULT CHARSET=utf8;
/*!40101 SET character_set_client = @saved_cs_client */;

--
-- Dumping data for table `clientes`
--

LOCK TABLES `clientes` WRITE;
/*!40000 ALTER TABLE `clientes` DISABLE KEYS */;
INSERT INTO `clientes` VALUES (1,'Jaider','Quintero','Km 1'),(2,'Sandy','Romero','Cll 24'),(3,'leiner','hoyos','calle 8'),(4,'jairo','ricardo','cra 5'),(5,'juan','villalobo','calle 8');
/*!40000 ALTER TABLE `clientes` ENABLE KEYS */;
UNLOCK TABLES;

--
-- Table structure for table `productos`
--

DROP TABLE IF EXISTS `productos`;
/*!40101 SET @saved_cs_client     = @@character_set_client */;
/*!50503 SET character_set_client = utf8mb4 */;
CREATE TABLE `productos` (
  `id` int(11) NOT NULL AUTO_INCREMENT,
  `nombre` char(60) NOT NULL,
  `precioCompra` decimal(10,0) NOT NULL,
  `precioVenta` decimal(10,0) NOT NULL,
  `cantidad` int(11) NOT NULL,
  PRIMARY KEY (`id`)
) ENGINE=InnoDB AUTO_INCREMENT=6 DEFAULT CHARSET=utf8;
/*!40101 SET character_set_client = @saved_cs_client */;

--
-- Dumping data for table `productos`
--

LOCK TABLES `productos` WRITE;
/*!40000 ALTER TABLE `productos` DISABLE KEYS */;
INSERT INTO `productos` VALUES (1,'cocacola',2000,4000,2),(2,'pepsi',3000,6000,2),(3,'corona',3000,9000,3),(4,'costeñita',500,2000,4),(5,'pan',500,2000,4);
/*!40000 ALTER TABLE `productos` ENABLE KEYS */;
UNLOCK TABLES;

--
-- Table structure for table `proveedores`
--

DROP TABLE IF EXISTS `proveedores`;
/*!40101 SET @saved_cs_client     = @@character_set_client */;
/*!50503 SET character_set_client = utf8mb4 */;
CREATE TABLE `proveedores` (
  `id` int(11) NOT NULL AUTO_INCREMENT,
  `nombre` char(120) NOT NULL,
  `direccion` char(120) NOT NULL,
  `telefono` char(120) NOT NULL,
  `correo` char(120) NOT NULL,
  PRIMARY KEY (`id`)
) ENGINE=InnoDB AUTO_INCREMENT=6 DEFAULT CHARSET=utf8;
/*!40101 SET character_set_client = @saved_cs_client */;

--
-- Dumping data for table `proveedores`
--

LOCK TABLES `proveedores` WRITE;
/*!40000 ALTER TABLE `proveedores` DISABLE KEYS */;
INSERT INTO `proveedores` VALUES (1,'cocacola','cra 4','6377392','cocacola@gmail.com'),(2,'pepsi','cra5','123456','pepsi@gmail.com'),(3,'margaritas','calle 8','456789','margaritas@gmail.com'),(4,'corona','calle 9','9876543','corono@gmail.com'),(5,'postobon','calle 15','78934532','postobon@gmail.com');
/*!40000 ALTER TABLE `proveedores` ENABLE KEYS */;
UNLOCK TABLES;

--
-- Table structure for table `proveedores_has_productos`
--

DROP TABLE IF EXISTS `proveedores_has_productos`;
/*!40101 SET @saved_cs_client     = @@character_set_client */;
/*!50503 SET character_set_client = utf8mb4 */;
CREATE TABLE `proveedores_has_productos` (
  `proveedores_id` int(11) NOT NULL,
  `productos_id` int(11) NOT NULL,
  PRIMARY KEY (`proveedores_id`,`productos_id`),
  KEY `fk_proveedores_has_productos_productos1_idx` (`productos_id`),
  KEY `fk_proveedores_has_productos_proveedores1_idx` (`proveedores_id`),
  CONSTRAINT `fk_proveedores_has_productos_productos1` FOREIGN KEY (`productos_id`) REFERENCES `productos` (`id`),
  CONSTRAINT `fk_proveedores_has_productos_proveedores1` FOREIGN KEY (`proveedores_id`) REFERENCES `proveedores` (`id`)
) ENGINE=InnoDB DEFAULT CHARSET=utf8;
/*!40101 SET character_set_client = @saved_cs_client */;

--
-- Dumping data for table `proveedores_has_productos`
--

LOCK TABLES `proveedores_has_productos` WRITE;
/*!40000 ALTER TABLE `proveedores_has_productos` DISABLE KEYS */;
INSERT INTO `proveedores_has_productos` VALUES (1,1),(2,1),(1,2),(2,2),(4,3),(1,4),(2,4),(1,5);
/*!40000 ALTER TABLE `proveedores_has_productos` ENABLE KEYS */;
UNLOCK TABLES;

--
-- Table structure for table `telefonos`
--

DROP TABLE IF EXISTS `telefonos`;
/*!40101 SET @saved_cs_client     = @@character_set_client */;
/*!50503 SET character_set_client = utf8mb4 */;
CREATE TABLE `telefonos` (
  `id` int(11) NOT NULL AUTO_INCREMENT,
  `numero` char(12) NOT NULL,
  `clientes_id` int(11) NOT NULL,
  PRIMARY KEY (`id`),
  KEY `fk_telefonos_clientes_idx` (`clientes_id`),
  CONSTRAINT `fk_telefonos_clientes` FOREIGN KEY (`clientes_id`) REFERENCES `clientes` (`id`)
) ENGINE=InnoDB AUTO_INCREMENT=11 DEFAULT CHARSET=utf8;
/*!40101 SET character_set_client = @saved_cs_client */;

--
-- Dumping data for table `telefonos`
--

LOCK TABLES `telefonos` WRITE;
/*!40000 ALTER TABLE `telefonos` DISABLE KEYS */;
INSERT INTO `telefonos` VALUES (1,'23445666',1),(2,'1234567',1),(3,'987654',2),(4,'785362',2),(5,'982376',3),(6,'239854',3),(7,'08997663',4),(8,'0885362',4),(9,'0116432',5),(10,'98356002',5);
/*!40000 ALTER TABLE `telefonos` ENABLE KEYS */;
UNLOCK TABLES;

--
-- Table structure for table `ventas`
--

DROP TABLE IF EXISTS `ventas`;
/*!40101 SET @saved_cs_client     = @@character_set_client */;
/*!50503 SET character_set_client = utf8mb4 */;
CREATE TABLE `ventas` (
  `id` int(11) NOT NULL AUTO_INCREMENT,
  `fecha` date NOT NULL,
  `subTotal` decimal(10,0) NOT NULL,
  `iva` decimal(10,0) NOT NULL,
  `descuento` decimal(10,0) NOT NULL,
  `total` decimal(10,0) NOT NULL,
  `clientes_id` int(11) NOT NULL,
  PRIMARY KEY (`id`),
  KEY `fk_ventas_clientes1_idx` (`clientes_id`),
  CONSTRAINT `fk_ventas_clientes1` FOREIGN KEY (`clientes_id`) REFERENCES `clientes` (`id`)
) ENGINE=InnoDB AUTO_INCREMENT=7 DEFAULT CHARSET=utf8;
/*!40101 SET character_set_client = @saved_cs_client */;

--
-- Dumping data for table `ventas`
--

LOCK TABLES `ventas` WRITE;
/*!40000 ALTER TABLE `ventas` DISABLE KEYS */;
INSERT INTO `ventas` VALUES (1,'2023-03-23',30000,2,10,300000,1),(2,'2023-03-22',40000,2,10,400000,2),(3,'2023-03-24',50000,3,5,500000,1),(4,'2023-03-25',60000,2,10,600000,2),(5,'2023-03-01',70000,3,10,700000,3),(6,'2023-03-05',80000,3,10,800000,3);
/*!40000 ALTER TABLE `ventas` ENABLE KEYS */;
UNLOCK TABLES;

--
-- Table structure for table `ventas_has_productos`
--

DROP TABLE IF EXISTS `ventas_has_productos`;
/*!40101 SET @saved_cs_client     = @@character_set_client */;
/*!50503 SET character_set_client = utf8mb4 */;
CREATE TABLE `ventas_has_productos` (
  `ventas_id` int(11) NOT NULL,
  `productos_id` int(11) NOT NULL,
  `cantidad` int(11) DEFAULT NULL,
  PRIMARY KEY (`ventas_id`,`productos_id`),
  KEY `fk_ventas_has_productos_productos1_idx` (`productos_id`),
  KEY `fk_ventas_has_productos_ventas1_idx` (`ventas_id`),
  CONSTRAINT `fk_ventas_has_productos_productos1` FOREIGN KEY (`productos_id`) REFERENCES `productos` (`id`),
  CONSTRAINT `fk_ventas_has_productos_ventas1` FOREIGN KEY (`ventas_id`) REFERENCES `ventas` (`id`)
) ENGINE=InnoDB DEFAULT CHARSET=utf8;
/*!40101 SET character_set_client = @saved_cs_client */;

--
-- Dumping data for table `ventas_has_productos`
--

LOCK TABLES `ventas_has_productos` WRITE;
/*!40000 ALTER TABLE `ventas_has_productos` DISABLE KEYS */;
/*!40000 ALTER TABLE `ventas_has_productos` ENABLE KEYS */;
UNLOCK TABLES;

--
-- Dumping events for database 'tienda'
--

--
-- Dumping routines for database 'tienda'
--
/*!50003 DROP PROCEDURE IF EXISTS `insertarCliente` */;
/*!50003 SET @saved_cs_client      = @@character_set_client */ ;
/*!50003 SET @saved_cs_results     = @@character_set_results */ ;
/*!50003 SET @saved_col_connection = @@collation_connection */ ;
/*!50003 SET character_set_client  = utf8mb4 */ ;
/*!50003 SET character_set_results = utf8mb4 */ ;
/*!50003 SET collation_connection  = utf8mb4_0900_ai_ci */ ;
/*!50003 SET @saved_sql_mode       = @@sql_mode */ ;
/*!50003 SET sql_mode              = '' */ ;
DELIMITER ;;
CREATE DEFINER=`root`@`localhost` PROCEDURE `insertarCliente`(in nom varchar(60),ape varchar(60), dir varchar(60))
BEGIN
INSERT INTO clientes(nombre,apellidos,direccion)
VALUES(nom,ape,dir);
END ;;
DELIMITER ;
/*!50003 SET sql_mode              = @saved_sql_mode */ ;
/*!50003 SET character_set_client  = @saved_cs_client */ ;
/*!50003 SET character_set_results = @saved_cs_results */ ;
/*!50003 SET collation_connection  = @saved_col_connection */ ;
/*!40103 SET TIME_ZONE=@OLD_TIME_ZONE */;

/*!40101 SET SQL_MODE=@OLD_SQL_MODE */;
/*!40014 SET FOREIGN_KEY_CHECKS=@OLD_FOREIGN_KEY_CHECKS */;
/*!40014 SET UNIQUE_CHECKS=@OLD_UNIQUE_CHECKS */;
/*!40101 SET CHARACTER_SET_CLIENT=@OLD_CHARACTER_SET_CLIENT */;
/*!40101 SET CHARACTER_SET_RESULTS=@OLD_CHARACTER_SET_RESULTS */;
/*!40101 SET COLLATION_CONNECTION=@OLD_COLLATION_CONNECTION */;
/*!40111 SET SQL_NOTES=@OLD_SQL_NOTES */;

-- Dump completed on 2023-03-26 23:58:58
